{
  "message0": "Get UUID of %1",
  "args0": [
    {
      "type": "input_value",
      "name": "entity",
      "check": "Entity"
    }
  ],
  "inputsInline": true,
  "output": "String",
  "colour": "%{BKY_TEXTS_HUE}",
  "mcreator": {
    "toolbox_id": "uuid",
	"toolbox_init": [
		"<value name=\"entity\"><block type=\"entity_from_deps\"></block></value>" 
	],
	"inputs": [
		"entity"
	],
	"dependencies": [
       {
           "type": "entity",
           "name": "entity"
       }
   ]
  }
}